datetime,actual_price,baseline_fair_value,improved_fair_value,baseline_spread,improved_spread
2026-04-04 17:00:00+02:00,62.74,76.78685249893715,63.746399759717654,-14.046852498937149,-1.0063997597176524
2026-04-04 18:00:00+02:00,109.6,112.01245363767273,108.3347550546394,-2.4124536376727406,1.2652449453605925
2026-04-04 19:00:00+02:00,149.87,133.34942347665304,134.31304632249004,16.52057652334696,15.556953677509966
2026-04-04 20:00:00+02:00,135.74,127.66857929952027,136.25452269372278,8.071420700479734,-0.5145226937227676
2026-04-04 21:00:00+02:00,103.84,110.25879207246051,112.70223538754657,-6.418792072460505,-8.862235387546562
2026-04-04 22:00:00+02:00,76.81,93.74162582999747,100.87508487457796,-16.931625829997472,-24.065084874577963
2026-04-04 23:00:00+02:00,41.83,77.41941375613524,82.32065063199481,-35.589413756135244,-40.49065063199481
2026-04-05 00:00:00+02:00,1.06,51.90528887493037,32.58849047105292,-50.84528887493037,-31.528490471052923
2026-04-05 01:00:00+02:00,-0.01,38.43016430958884,4.154241772920999,-38.44016430958884,-4.164241772920999
2026-04-05 02:00:00+02:00,-0.36,28.138948742359812,0.3300381392828382,-28.49894874235981,-0.6900381392828382
2026-04-05 03:00:00+02:00,-1.21,20.239395503333395,1.5218470844299978,-21.449395503333395,-2.731847084429998
2026-04-05 04:00:00+02:00,-1.62,15.720288286809886,0.7026928889529607,-17.340288286809887,-2.322692888952961
2026-04-05 05:00:00+02:00,-2.04,10.446531649245753,1.3126503247715986,-12.486531649245752,-3.3526503247715986
2026-04-05 06:00:00+02:00,-2.99,5.2168430885660895,2.4259368412575424,-8.206843088566089,-5.415936841257542
2026-04-05 07:00:00+02:00,-1.29,1.764408637624963,-0.5832613910365199,-3.054408637624963,-0.7067386089634802
2026-04-05 08:00:00+02:00,-2.43,-9.649470822229649,-4.4412442100681,7.219470822229649,2.0112442100681
2026-04-05 09:00:00+02:00,-10.56,-24.914881943377782,-5.326275046800034,14.354881943377782,-5.233724953199967
2026-04-05 10:00:00+02:00,-39.97,-41.67185562246478,-5.886689821517073,1.7018556224647838,-34.083310178482925
2026-04-05 11:00:00+02:00,-71.34,-54.34081882862113,-11.310687606638048,-16.999181171378872,-60.029312393361955
2026-04-05 12:00:00+02:00,-84.95,-61.12095143541364,-10.539597139563094,-23.829048564586365,-74.4104028604369
2026-04-05 13:00:00+02:00,-105.18,-62.72653519398886,-10.534355293283472,-42.45346480601115,-94.64564470671654
2026-04-05 14:00:00+02:00,-98.71,-58.71185987263416,-8.802743706090784,-39.998140127365836,-89.90725629390921
2026-04-05 15:00:00+02:00,-66.91,-48.35132572646702,-3.233360245957079,-18.55867427353298,-63.67663975404292
2026-04-05 16:00:00+02:00,-29.98,-28.241352568020194,-4.331791303856514,-1.7386474319798069,-25.648208696143485
2026-04-05 17:00:00+02:00,-6.59,-2.3275326947935087,-3.4217323670862343,-4.262467305206491,-3.1682676329137656
2026-04-05 18:00:00+02:00,-0.1,26.086869264886527,-0.4852238555013292,-26.18686926488653,0.3852238555013292
2026-04-05 19:00:00+02:00,20.04,47.544470499315366,33.524379185435215,-27.504470499315367,-13.484379185435216
2026-04-05 20:00:00+02:00,33.35,55.64589937679876,42.864310686937124,-22.295899376798758,-9.514310686937122
2026-04-05 21:00:00+02:00,30.21,56.91995777268136,45.30811131402928,-26.709957772681356,-15.098111314029282
2026-04-05 22:00:00+02:00,30.38,55.67368292666852,41.95079275780134,-25.29368292666852,-11.570792757801339
2026-04-05 23:00:00+02:00,19.02,49.174751087246385,23.662933658107416,-30.154751087246385,-4.642933658107417
2026-04-06 00:00:00+02:00,3.24,49.21960873846141,22.789907233598683,-45.97960873846141,-19.54990723359868
2026-04-06 01:00:00+02:00,1.99,44.70744400327745,12.609123203927775,-42.71744400327745,-10.619123203927774
2026-04-06 02:00:00+02:00,1.04,41.90254384032459,11.532294191905788,-40.86254384032459,-10.492294191905788
2026-04-06 03:00:00+02:00,1.36,41.31615708665139,10.087053316625711,-39.95615708665139,-8.727053316625712
2026-04-06 04:00:00+02:00,1.06,43.988912638271565,16.15746035309965,-42.92891263827156,-15.09746035309965
2026-04-06 05:00:00+02:00,2.11,47.19530592660781,29.250113577541917,-45.08530592660781,-27.140113577541918
2026-04-06 06:00:00+02:00,1.99,49.232531372788166,41.665255067157894,-47.242531372788164,-39.67525506715789
2026-04-06 07:00:00+02:00,1.33,48.453722982876855,38.99490593383449,-47.123722982876856,-37.66490593383449
2026-04-06 08:00:00+02:00,-0.94,36.333634765592954,12.212844545104357,-37.27363476559295,-13.152844545104356
2026-04-06 09:00:00+02:00,-11.1,16.967903922147112,4.927268009433392,-28.06790392214711,-16.027268009433392
2026-04-06 10:00:00+02:00,-26.0,-2.8622937238030532,-0.12257978103778777,-23.137706276196948,-25.87742021896221
2026-04-06 11:00:00+02:00,-59.76,-17.048967295227744,-2.249001655260065,-42.71103270477225,-57.51099834473993
2026-04-06 12:00:00+02:00,-79.52,-25.58097370748631,-2.8110053568451443,-53.93902629251369,-76.70899464315485
2026-04-06 13:00:00+02:00,-125.64,-30.68853024358025,-3.2733678851267274,-94.95146975641975,-122.36663211487327
2026-04-06 14:00:00+02:00,-123.54,-27.670883161946126,-3.2378403594093013,-95.86911683805388,-120.3021596405907
2026-04-06 15:00:00+02:00,-84.62,-15.615434467493149,-1.1004145852632148,-69.00456553250686,-83.5195854147368
2026-04-06 16:00:00+02:00,-28.72,3.123465794017373,0.34442155923854756,-31.843465794017373,-29.064421559238546
2026-04-06 17:00:00+02:00,-5.61,32.444190971455605,2.0145138664573135,-38.054190971455604,-7.624513866457313
2026-04-06 18:00:00+02:00,48.63,73.12804264157792,57.895671886602095,-24.498042641577918,-9.265671886602092
2026-04-06 19:00:00+02:00,107.69,105.18729827097991,99.26272808079739,2.502701729020089,8.42727191920261
2026-04-06 20:00:00+02:00,116.01,117.07152744852081,113.09881373845597,-1.0615274485208062,2.9111862615440316
2026-04-06 21:00:00+02:00,109.22,119.29964646084579,113.6578579237305,-10.079646460845794,-4.437857923730505
2026-04-06 22:00:00+02:00,113.85,118.53256206649658,113.21280104432296,-4.682562066496587,0.6371989556770359
2026-04-06 23:00:00+02:00,108.8,114.30152259808197,112.23660531231974,-5.501522598081976,-3.4366053123197418
2026-04-07 00:00:00+02:00,106.4,113.44668491115813,114.3410750234022,-7.046684911158124,-7.941075023402192
2026-04-07 01:00:00+02:00,101.29,111.1052549185852,112.62645125202754,-9.815254918585197,-11.33645125202753
2026-04-07 02:00:00+02:00,101.65,108.88753561412885,110.72891230015149,-7.237535614128845,-9.078912300151487
2026-04-07 03:00:00+02:00,102.28,109.11048537420265,108.45768606085912,-6.830485374202652,-6.177686060859116
2026-04-07 04:00:00+02:00,105.14,112.36133117944712,109.82275270882516,-7.2213311794471196,-4.682752708825163
2026-04-07 05:00:00+02:00,117.77,124.30171844657069,124.55051363431848,-6.531718446570693,-6.780513634318481
2026-04-07 06:00:00+02:00,143.91,144.55636485286342,145.7911925550256,-0.646364852863428,-1.8811925550255921
2026-04-07 07:00:00+02:00,178.26,148.113940734117,164.5908639338579,30.146059265882997,13.669136066142102
2026-04-07 08:00:00+02:00,127.86,129.57861066068125,143.2757630132481,-1.7186106606812501,-15.41576301324811
2026-04-07 09:00:00+02:00,81.8,100.29842937474378,108.51656721073061,-18.49842937474378,-26.716567210730616
2026-04-07 10:00:00+02:00,24.89,73.02248882663984,67.09630382344085,-48.13248882663984,-42.20630382344085
2026-04-07 11:00:00+02:00,-0.01,54.032815126065586,29.693658293655126,-54.042815126065584,-29.703658293655128
2026-04-07 12:00:00+02:00,-3.01,42.22564733226022,9.809510718322962,-45.23564733226022,-12.819510718322961
2026-04-07 13:00:00+02:00,-11.29,34.68174841341361,5.701438325675072,-45.97174841341361,-16.99143832567507
2026-04-07 14:00:00+02:00,-11.23,36.6972921728562,7.664493784466636,-47.9272921728562,-18.894493784466636
2026-04-07 15:00:00+02:00,-4.21,48.03008278284473,39.671296951835885,-52.24008278284473,-43.881296951835886
2026-04-07 16:00:00+02:00,3.8,69.96999329101803,66.1540574340151,-66.16999329101803,-62.354057434015104
2026-04-07 17:00:00+02:00,79.9,105.90620607255687,113.1736550957395,-26.006206072556864,-33.2736550957395
2026-04-07 18:00:00+02:00,138.0,145.72267337641176,144.39876400849568,-7.7226733764117625,-6.398764008495675
2026-04-07 19:00:00+02:00,194.03,168.58002880474555,175.9016701404406,25.44997119525445,18.128329859559415
2026-04-07 20:00:00+02:00,188.88,166.5160601276636,170.3652686317711,22.363939872336402,18.514731368228894
2026-04-07 21:00:00+02:00,144.0,155.63957270389116,156.6064969079869,-11.639572703891162,-12.606496907986894
2026-04-07 22:00:00+02:00,129.01,145.12376842298227,141.35428682059688,-16.113768422982275,-12.344286820596892
2026-04-07 23:00:00+02:00,118.2,135.80162936524871,134.3266366522488,-17.601629365248712,-16.12663665224879
2026-04-08 00:00:00+02:00,107.17,123.2021650972755,119.92157646861602,-16.032165097275495,-12.751576468616022
2026-04-08 01:00:00+02:00,102.21,118.31040290503947,112.90051701359396,-16.100402905039473,-10.690517013593961
2026-04-08 02:00:00+02:00,100.82,116.17152575685189,107.48984627130844,-15.351525756851899,-6.669846271308444
2026-04-08 03:00:00+02:00,103.5,117.42906783365142,105.99576509156292,-13.929067833651416,-2.495765091562916
2026-04-08 04:00:00+02:00,107.51,121.96737171393998,108.50022705187665,-14.457371713939978,-0.9902270518766443
2026-04-08 05:00:00+02:00,116.93,132.82613204302694,122.47685881781858,-15.896132043026938,-5.546858817818574
2026-04-08 06:00:00+02:00,149.8,151.3752887538795,149.86047797318494,-1.5752887538794766,-0.060477973184930534
2026-04-08 07:00:00+02:00,168.8,153.97556800711055,165.3674151947739,14.824431992889458,3.4325848052260994
2026-04-08 08:00:00+02:00,138.51,131.96540360181726,137.13486357319408,6.544596398182733,1.3751364268059092
2026-04-08 09:00:00+02:00,97.45,101.83195335678525,100.6116842719622,-4.381953356785246,-3.1616842719622014
2026-04-08 10:00:00+02:00,51.12,74.37137682794616,53.76260730308303,-23.251376827946167,-2.6426073030830324
2026-04-08 11:00:00+02:00,-0.05,53.7449437383773,24.325530056179037,-53.7949437383773,-24.375530056179038
2026-04-08 12:00:00+02:00,-18.83,40.19929203277314,6.958664884795048,-59.029292032773135,-25.788664884795047
2026-04-08 13:00:00+02:00,-32.78,32.79532670039395,1.8498861232575607,-65.57532670039396,-34.62988612325756
2026-04-08 14:00:00+02:00,-29.74,35.12967181849894,3.529391052426245,-64.86967181849894,-33.26939105242624
2026-04-08 15:00:00+02:00,-13.16,45.15451018152607,30.716846279375304,-58.314510181526074,-43.8768462793753
2026-04-08 16:00:00+02:00,13.35,65.82905077710925,56.64697054711766,-52.479050777109244,-43.29697054711766
2026-04-08 17:00:00+02:00,91.88,99.86118816213845,91.23340593064299,-7.9811881621384515,0.6465940693570076
2026-04-08 18:00:00+02:00,134.25,134.56215933486746,128.0760821695287,-0.3121593348674594,6.173917830471311
2026-04-08 19:00:00+02:00,170.01,153.54998911246852,155.3013887157367,16.460010887531467,14.708611284263299
2026-04-08 20:00:00+02:00,160.55,146.59780704150302,149.89344634359236,13.952192958496994,10.656553656407652
2026-04-08 21:00:00+02:00,137.1,130.91538616964098,132.19989974993626,6.184613830359012,4.90010025006373
2026-04-08 22:00:00+02:00,121.39,117.98632584988417,114.66262542686245,3.403674150115833,6.727374573137553
2026-04-08 23:00:00+02:00,109.48,107.12048191606297,100.49789132032679,2.359518083937033,8.982108679673217
2026-04-09 00:00:00+02:00,104.9,98.9117183450787,98.16565720298182,5.988281654921309,6.734342797018186
2026-04-09 01:00:00+02:00,101.1,95.11206770621428,92.00189201734733,5.987932293785718,9.098107982652664
2026-04-09 02:00:00+02:00,101.1,88.65576327858038,102.84932711840318,12.444236721419614,-1.7493271184031869
2026-04-09 03:00:00+02:00,101.86,90.53104965154593,103.58246334030208,11.328950348454072,-1.7224633403020846
2026-04-09 04:00:00+02:00,105.1,99.0534487016598,110.4427402739242,6.046551298340191,-5.342740273924207
2026-04-09 05:00:00+02:00,115.87,111.36996562506869,120.45627383766073,4.500034374931317,-4.586273837660727
2026-04-09 06:00:00+02:00,135.3,125.33324754172446,144.74231971980484,9.96675245827555,-9.442319719804829
2026-04-09 07:00:00+02:00,146.6,130.5130059617523,154.28233168309887,16.086994038247695,-7.68233168309888
2026-04-09 08:00:00+02:00,128.09,123.30200329669707,148.68772978324873,4.787996703302937,-20.597729783248724
2026-04-09 09:00:00+02:00,99.68,100.69104468737186,127.88521526761483,-1.0110446873718502,-28.20521526761482
2026-04-09 10:00:00+02:00,55.0,76.39377686800357,90.13920363628036,-21.39377686800357,-35.13920363628036
2026-04-09 11:00:00+02:00,1.21,55.17175906115821,46.15613098354809,-53.96175906115821,-44.94613098354809
2026-04-09 12:00:00+02:00,-1.03,42.197900972611954,38.64778334201967,-43.227900972611955,-39.67778334201967
2026-04-09 13:00:00+02:00,-7.87,34.989313456844435,21.594460491449986,-42.85931345684443,-29.464460491449987
2026-04-09 14:00:00+02:00,-8.14,32.27798047913273,17.80457031273181,-40.41798047913273,-25.94457031273181
2026-04-09 15:00:00+02:00,-1.3,42.93833385661508,54.11797143944301,-44.23833385661508,-55.41797143944301
2026-04-09 16:00:00+02:00,27.08,65.17924175244076,82.83708498783481,-38.09924175244076,-55.757084987834816
2026-04-09 17:00:00+02:00,82.53,100.70568889002674,120.60868826558679,-18.175688890026734,-38.07868826558679
2026-04-09 18:00:00+02:00,115.36,127.46860570220025,140.91765306420336,-12.10860570220025,-25.557653064203365
2026-04-09 19:00:00+02:00,137.17,140.10375639726828,159.21458715237088,-2.933756397268297,-22.044587152370895
2026-04-09 20:00:00+02:00,127.33,134.47756430543924,156.36393820779665,-7.147564305439246,-29.033938207796652
2026-04-09 21:00:00+02:00,110.95,117.19594320999362,140.277097500565,-6.245943209993612,-29.32709750056499
2026-04-09 22:00:00+02:00,100.23,103.4638890484309,123.58480767074768,-3.233889048430896,-23.354807670747675
2026-04-09 23:00:00+02:00,81.05,90.08999557073088,110.9313811157498,-9.03999557073088,-29.881381115749804
2026-04-10 00:00:00+02:00,81.88,81.55029021601949,90.44969439331894,0.32970978398050477,-8.56969439331894
2026-04-10 01:00:00+02:00,79.32,75.78363015585998,87.66698836288867,3.5363698441400118,-8.34698836288868
2026-04-10 02:00:00+02:00,78.83,71.2430912590064,85.41805059620427,7.586908740993593,-6.588050596204269
2026-04-10 03:00:00+02:00,78.55,70.54099299650636,83.7262703833895,8.009007003493636,-5.176270383389507
2026-04-10 04:00:00+02:00,81.12,71.97251215606175,84.44953132268995,9.14748784393825,-3.3295313226899452
2026-04-10 05:00:00+02:00,88.77,78.36098987873028,91.21815056625371,10.409010121269716,-2.448150566253716
2026-04-10 06:00:00+02:00,112.16,95.03435278473086,112.9427697122848,17.12564721526914,-0.7827697122848036
2026-04-10 07:00:00+02:00,126.44,108.60703393302668,134.62900621160853,17.832966066973313,-8.189006211608529
2026-04-10 08:00:00+02:00,123.16,118.26126093745481,151.73149562691106,4.898739062545189,-28.57149562691106
2026-04-10 09:00:00+02:00,119.27,116.62896278537444,141.34863544526942,2.6410372146255554,-22.078635445269427
2026-04-10 10:00:00+02:00,109.84,106.1221732895672,125.44163818841717,3.717826710432803,-15.60163818841717
2026-04-10 11:00:00+02:00,102.99,94.18528134623473,112.92037462506747,8.804718653765264,-9.930374625067472
2026-04-10 12:00:00+02:00,92.09,83.2282127101709,94.68580866676437,8.86178728982911,-2.59580866676437
2026-04-10 13:00:00+02:00,88.94,76.89923334060632,86.10364498121878,12.040766659393682,2.8363550187812194
2026-04-10 14:00:00+02:00,87.4,75.43221260694536,81.49968056566021,11.96778739305465,5.900319434339792
2026-04-10 15:00:00+02:00,94.02,79.88983796331792,89.74591460658091,14.13016203668208,4.274085393419085
2026-04-10 16:00:00+02:00,108.78,92.05693972411922,104.27236114965181,16.723060275880783,4.507638850348187
2026-04-10 17:00:00+02:00,130.1,117.53205673741468,131.2422896406573,12.567943262585317,-1.1422896406573102
2026-04-10 18:00:00+02:00,155.29,145.13289967943598,149.72788135818502,10.157100320564012,5.562118641814976
2026-04-10 19:00:00+02:00,227.77,167.14702754840977,169.3783579205841,60.62297245159024,58.3916420794159
2026-04-10 20:00:00+02:00,245.12,168.9543951886577,156.5788823245112,76.16560481134229,88.5411176754888
2026-04-10 21:00:00+02:00,176.48,163.0871181180239,153.4459892570372,13.39288188197608,23.034010742962778
2026-04-10 22:00:00+02:00,149.31,155.76426262481633,146.62099888795456,-6.454262624816323,2.689001112045446
2026-04-10 23:00:00+02:00,131.96,146.79884046954888,137.45806021105562,-14.83884046954887,-5.498060211055616
2026-04-11 00:00:00+02:00,134.02,135.66506186136863,141.90601166423272,-1.6450618613686174,-7.886011664232711
2026-04-11 01:00:00+02:00,120.63,126.34755665033737,133.1640238504026,-5.717556650337372,-12.534023850402605
2026-04-11 02:00:00+02:00,114.38,116.78609148069536,121.7061770097173,-2.406091480695366,-7.3261770097172985
2026-04-11 03:00:00+02:00,112.35,108.29991561576969,115.93994459709336,4.050084384230303,-3.589944597093364
2026-04-11 04:00:00+02:00,110.84,100.90957009042445,113.76359566815893,9.930429909575551,-2.9235956681589244
2026-04-11 05:00:00+02:00,108.36,97.03431079989493,111.1636900033092,11.325689200105074,-2.8036900033091996
2026-04-11 06:00:00+02:00,106.6,96.11088940118758,109.65821813893176,10.489110598812417,-3.058218138931764
2026-04-11 07:00:00+02:00,93.24,88.34955902144327,99.67187390433098,4.890440978556725,-6.431873904330985
2026-04-11 08:00:00+02:00,69.61,70.21604883076591,70.9513523432039,-0.6060488307659142,-1.3413523432038943
2026-04-11 09:00:00+02:00,21.57,46.161422022124405,24.77495932267232,-24.591422022124405,-3.2049593226723196
2026-04-11 10:00:00+02:00,-0.16,24.926911861131156,2.6230228666236477,-25.086911861131156,-2.783022866623648
2026-04-11 11:00:00+02:00,-8.31,4.183307565358429,-4.690316601812954,-12.493307565358428,-3.619683398187046
2026-04-11 12:00:00+02:00,-40.25,-9.27439537145506,-4.105750191337838,-30.97560462854494,-36.14424980866216
2026-04-11 13:00:00+02:00,-79.97,-16.80343618638111,-7.036028692374895,-63.16656381361889,-72.9339713076251
2026-04-11 14:00:00+02:00,-77.64,-14.954275492828405,-8.250643982547786,-62.6857245071716,-69.38935601745222
2026-04-11 15:00:00+02:00,-45.83,-5.026163811821822,-6.510967562312412,-40.803836188178174,-39.31903243768759
2026-04-11 16:00:00+02:00,-15.8,11.397174688989448,0.14579778235867874,-27.19717468898945,-15.94579778235868
2026-04-11 17:00:00+02:00,-0.71,34.100171927980334,9.015688217860246,-34.810171927980335,-9.725688217860245
2026-04-11 18:00:00+02:00,43.7,59.50877668665562,60.48436627294915,-15.80877668665562,-16.78436627294915
2026-04-11 19:00:00+02:00,73.82,74.95027156617243,82.00928096189476,-1.1302715661724392,-8.189280961894767
2026-04-11 20:00:00+02:00,74.79,72.79370783577814,86.63508669566097,1.9962921642218703,-11.845086695660967
2026-04-11 21:00:00+02:00,65.23,63.70939253322696,72.93351569094091,1.5206074667730434,-7.703515690940904
2026-04-11 22:00:00+02:00,68.63,63.096244458799276,72.35101049446284,5.533755541200719,-3.7210104944628455
2026-04-11 23:00:00+02:00,68.63,64.62256515147638,75.83060598512243,4.007434848523616,-7.200605985122436
2026-04-12 00:00:00+02:00,72.52,70.04058281451938,86.54649312897672,2.4794171854806137,-14.026493128976725
2026-04-12 01:00:00+02:00,76.57,72.66251372764529,82.38589661248994,3.907486272354703,-5.815896612489951
2026-04-12 02:00:00+02:00,80.42,75.36021794342909,80.38411409970224,5.05978205657091,0.035885900297756734
2026-04-12 03:00:00+02:00,85.26,78.06225849621276,82.592167431395,7.197741503787242,2.6678325686050073
2026-04-12 04:00:00+02:00,95.1,81.39500644482983,83.82360394487873,13.704993555170162,11.276396055121268
2026-04-12 05:00:00+02:00,98.05,86.32011805840277,98.45809300981011,11.729881941597228,-0.4080930098101163
2026-04-12 06:00:00+02:00,98.7,92.08837182117561,107.45230934015152,6.61162817882439,-8.752309340151513
2026-04-12 07:00:00+02:00,94.32,95.5075224700555,113.61372103831383,-1.1875224700555123,-19.293721038313834
2026-04-12 08:00:00+02:00,76.1,96.14671416144182,110.42101183093963,-20.046714161441827,-34.32101183093964
2026-04-12 09:00:00+02:00,53.32,92.77528381596751,101.29102438663921,-39.45528381596751,-47.97102438663921
2026-04-12 10:00:00+02:00,30.23,84.21192794719695,82.19189372730244,-53.98192794719695,-51.96189372730244
2026-04-12 11:00:00+02:00,22.42,76.73418991636504,60.79668835040555,-54.31418991636504,-38.37668835040555
2026-04-12 12:00:00+02:00,14.98,69.90039088585598,58.62907727440803,-54.92039088585598,-43.64907727440803
2026-04-12 13:00:00+02:00,1.97,66.70140504645289,54.76632202400069,-64.73140504645289,-52.79632202400069
2026-04-12 14:00:00+02:00,4.63,68.89042064404651,56.33555576409451,-64.26042064404652,-51.705555764094505
2026-04-12 15:00:00+02:00,15.91,78.52904080243668,68.81180768105428,-62.619040802436686,-52.90180768105428
2026-04-12 16:00:00+02:00,67.55,95.41279496354542,101.38779488892895,-27.862794963545426,-33.837794888928954
2026-04-12 17:00:00+02:00,110.18,118.05336491232107,128.82174329438638,-7.873364912321065,-18.641743294386373
2026-04-12 18:00:00+02:00,135.39,140.55694245792063,146.43757986632386,-5.166942457920641,-11.047579866323872
2026-04-12 19:00:00+02:00,144.77,151.16447631152477,161.5323332379835,-6.394476311524755,-16.762333237983484
2026-04-12 20:00:00+02:00,146.8,151.4675591593173,158.0893982919507,-4.667559159317278,-11.289398291950675
2026-04-12 21:00:00+02:00,136.73,147.50653872406036,147.50899381953337,-10.776538724060373,-10.778993819533383
2026-04-12 22:00:00+02:00,130.61,140.72739333268984,145.22422130367812,-10.11739333268983,-14.614221303678107
2026-04-12 23:00:00+02:00,121.02,131.08802277004784,142.05439503467298,-10.068022770047847,-21.034395034672983
2026-04-13 00:00:00+02:00,116.54,128.45190462831843,139.0106970353165,-11.911904628318425,-22.47069703531649
2026-04-13 01:00:00+02:00,109.8,121.90051374810278,134.71585625521033,-12.100513748102784,-24.91585625521033
2026-04-13 02:00:00+02:00,107.32,117.3988487089121,124.91462693311932,-10.078848708912105,-17.59462693311933
2026-04-13 03:00:00+02:00,107.59,115.49463096418334,121.53724533556401,-7.90463096418334,-13.947245335564006
2026-04-13 04:00:00+02:00,110.02,117.20446226009012,121.56327430325973,-7.184462260090129,-11.543274303259736
2026-04-13 05:00:00+02:00,119.07,125.58305747952728,136.32424480034868,-6.513057479527291,-17.254244800348687
2026-04-13 06:00:00+02:00,136.12,143.37826084281141,158.07216179559066,-7.25826084281141,-21.952161795590655
2026-04-13 07:00:00+02:00,145.12,152.455225633273,180.87140238242313,-7.335225633272984,-35.75140238242312
2026-04-13 08:00:00+02:00,173.88,149.0378306813426,173.1866448426611,24.842169318657398,0.6933551573388854
2026-04-13 09:00:00+02:00,160.97,138.50094653122446,153.3104700727897,22.46905346877554,7.659529927210286
2026-04-13 10:00:00+02:00,138.63,127.99200158101742,137.79166999108395,10.637998418982576,0.8383300089160457
2026-04-13 11:00:00+02:00,116.0,116.1052625857496,130.78278221236053,-0.10526258574959968,-14.78278221236053
2026-04-13 12:00:00+02:00,104.73,104.44939020234388,122.3692813391624,0.28060979765612615,-17.639281339162395
2026-04-13 13:00:00+02:00,97.39,99.32169414039319,121.1311758729783,-1.9316941403931907,-23.741175872978303
2026-04-13 14:00:00+02:00,101.7,99.27768592681964,122.53531177437911,2.4223140731803596,-20.835311774379107
2026-04-13 15:00:00+02:00,104.64,104.45452231864371,129.09624035756264,0.18547768135628928,-24.456240357562635
2026-04-13 16:00:00+02:00,114.6,113.55783898501944,133.83438505675542,1.0421610149805502,-19.23438505675543
2026-04-13 17:00:00+02:00,130.38,129.12966431387238,144.09051968197554,1.2503356861276131,-13.71051968197554
2026-04-13 18:00:00+02:00,148.2,143.7276937495566,162.27683833523724,4.472306250443381,-14.076838335237255
2026-04-13 19:00:00+02:00,164.52,152.2008784238775,177.78607034178697,12.319121576122512,-13.266070341786957
2026-04-13 20:00:00+02:00,156.61,150.10788989606613,169.83382414954198,6.502110103933887,-13.223824149541969
2026-04-13 21:00:00+02:00,139.05,142.5426822117613,155.7128365549258,-3.4926822117612915,-16.662836554925775
2026-04-13 22:00:00+02:00,129.76,135.77606195815244,148.17569201721255,-6.016061958152449,-18.415692017212564
2026-04-13 23:00:00+02:00,122.63,127.48945420451508,143.66198213544953,-4.859454204515089,-21.03198213544954
2026-04-14 00:00:00+02:00,116.06,119.86956017715788,131.155706862726,-3.809560177157877,-15.09570686272599
2026-04-14 01:00:00+02:00,113.67,116.35685828112067,127.27649814122665,-2.6868582811206636,-13.606498141226652
2026-04-14 02:00:00+02:00,114.99,117.11360941401408,124.47304692975489,-2.1236094140140835,-9.483046929754892
2026-04-14 03:00:00+02:00,113.39,117.72934892971335,123.50496816508753,-4.339348929713353,-10.114968165087532
2026-04-14 04:00:00+02:00,114.68,120.43382701717582,130.11372519763478,-5.753827017175809,-15.433725197634772
2026-04-14 05:00:00+02:00,118.15,129.30296680288657,133.87067429932296,-11.152966802886567,-15.720674299322951
2026-04-14 06:00:00+02:00,138.72,146.50741982244452,162.95581847570617,-7.7874198224445195,-24.235818475706168
2026-04-14 07:00:00+02:00,163.02,156.80670910836017,184.5104537011386,6.2132908916398435,-21.49045370113859
2026-04-14 08:00:00+02:00,164.5,155.25758685215877,180.61868135676468,9.242413147841233,-16.118681356764682
2026-04-14 09:00:00+02:00,144.33,142.7955324385302,159.41069516569505,1.5344675614698247,-15.080695165695033
2026-04-14 10:00:00+02:00,128.83,129.0244750270241,145.3201415599098,-0.19447502702408315,-16.4901415599098
2026-04-14 11:00:00+02:00,117.33,115.26973106165114,137.23765932480563,2.0602689383488553,-19.907659324805635
2026-04-14 12:00:00+02:00,109.51,104.68056168225,126.31171253584436,4.829438317750004,-16.80171253584436
2026-04-14 13:00:00+02:00,104.7,99.74754118353398,125.73449253710818,4.95245881646602,-21.03449253710818
2026-04-14 14:00:00+02:00,108.91,99.77291935053404,123.26826239336583,9.137080649465958,-14.358262393365834
2026-04-14 15:00:00+02:00,115.57,106.03677839028026,129.46509380424664,9.533221609719732,-13.895093804246642
2026-04-14 16:00:00+02:00,121.7,117.5454351507353,136.586598770109,4.154564849264702,-14.88659877010899
2026-04-14 17:00:00+02:00,137.44,136.45055244813526,148.84054872237132,0.9894475518647425,-11.400548722371326
2026-04-14 18:00:00+02:00,160.02,158.89220479735843,171.4484580952666,1.127795202641579,-11.428458095266592
2026-04-14 19:00:00+02:00,224.75,175.66252837896542,200.92271686468584,49.08747162103458,23.82728313531416
2026-04-14 20:00:00+02:00,234.28,177.5424987609064,187.03805547943952,56.7375012390936,47.24194452056048
2026-04-14 21:00:00+02:00,165.95,171.11278099378998,164.53649542826673,-5.162780993789994,1.413504571733256
2026-04-14 22:00:00+02:00,148.26,161.9630257017087,158.55531257772878,-13.703025701708697,-10.295312577728794
2026-04-14 23:00:00+02:00,135.37,152.33109729433144,143.23125252306033,-16.961097294331438,-7.86125252306033
2026-04-15 00:00:00+02:00,121.6,143.80823597213777,143.85679862973845,-22.20823597213777,-22.256798629738455
2026-04-15 01:00:00+02:00,116.46,137.9856422611951,138.10296177763541,-21.525642261195102,-21.64296177763542
2026-04-15 02:00:00+02:00,111.77,132.23355647063818,132.21176243810515,-20.46355647063818,-20.441762438105158
2026-04-15 03:00:00+02:00,110.02,128.96030959275555,128.33090765844995,-18.940309592755554,-18.31090765844995
2026-04-15 04:00:00+02:00,110.84,130.76053030851762,131.56982214082421,-19.920530308517613,-20.72982214082421
2026-04-15 05:00:00+02:00,123.18,138.11543095158166,136.6778288312307,-14.935430951581651,-13.497828831230692
2026-04-15 06:00:00+02:00,148.44,152.94232240907738,168.80307839139084,-4.5023224090773795,-20.363078391390843
2026-04-15 07:00:00+02:00,159.55,158.4639612343582,181.5888656412626,1.0860387656418027,-22.03886564126259
2026-04-15 08:00:00+02:00,140.1,141.1521305809883,160.30643934645434,-1.0521305809883188,-20.206439346454346
2026-04-15 09:00:00+02:00,116.32,116.19219493835084,135.40185319811042,0.1278050616491555,-19.081853198110423
2026-04-15 10:00:00+02:00,100.8,94.26095334212826,108.38455373042243,6.539046657871737,-7.584553730422428
2026-04-15 11:00:00+02:00,78.94,78.27280842438057,75.7503283368444,0.6671915756194267,3.1896716631555933
2026-04-15 12:00:00+02:00,58.32,69.66910164513621,65.47389816900277,-11.349101645136209,-7.153898169002765
2026-04-15 13:00:00+02:00,50.23,68.85590713484893,74.43995821361604,-18.625907134848937,-24.20995821361604
2026-04-15 14:00:00+02:00,67.26,74.49498910519098,82.09705047696858,-7.2349891051909765,-14.837050476968571
2026-04-15 15:00:00+02:00,81.49,87.44520725930079,107.76348763529727,-5.955207259300792,-26.273487635297272
2026-04-15 16:00:00+02:00,99.26,106.40164123809751,124.24558755128675,-7.141641238097506,-24.98558755128674
2026-04-15 17:00:00+02:00,124.84,131.98866463211232,139.0790067464417,-7.148664632112315,-14.239006746441703
2026-04-15 18:00:00+02:00,141.9,156.78078536634757,161.39997757059763,-14.880785366347567,-19.499977570597622
2026-04-15 19:00:00+02:00,180.08,173.87175196581023,194.5468881361669,6.208248034189779,-14.466888136166887
2026-04-15 20:00:00+02:00,180.8,174.01559600114703,186.78471810994827,6.78440399885298,-5.984718109948261
2026-04-15 21:00:00+02:00,148.08,163.18442568095583,162.73273455139446,-15.104425680955814,-14.652734551394445
2026-04-15 22:00:00+02:00,132.69,149.2544642107097,152.51035055970522,-16.5644642107097,-19.82035055970522
2026-04-15 23:00:00+02:00,117.77,135.4694558677832,142.6414480900667,-17.699455867783215,-24.871448090066693
2026-04-16 00:00:00+02:00,106.22,125.72239304060523,134.19236027493466,-19.502393040605227,-27.97236027493466
2026-04-16 01:00:00+02:00,101.4,120.14182230899078,130.7391228821133,-18.741822308990777,-29.339122882113287
2026-04-16 02:00:00+02:00,99.6,115.3654523120077,123.80540372924716,-15.76545231200771,-24.205403729247166
2026-04-16 03:00:00+02:00,98.37,114.63824210176682,122.29464022672886,-16.268242101766816,-23.924640226728854
2026-04-16 04:00:00+02:00,100.9,116.31719125719286,129.59481015729432,-15.417191257192854,-28.694810157294313
2026-04-16 05:00:00+02:00,110.6,125.20298495953858,133.2977089984058,-14.602984959538588,-22.6977089984058
2026-04-16 06:00:00+02:00,139.48,142.84867198139506,155.4912733701809,-3.3686719813950674,-16.011273370180902
2026-04-16 07:00:00+02:00,145.02,149.38276682272726,177.37817493282952,-4.362766822727252,-32.35817493282951
2026-04-16 08:00:00+02:00,133.64,140.8011965562249,163.55802682164355,-7.1611965562249225,-29.918026821643565
2026-04-16 09:00:00+02:00,110.2,120.16262240522435,138.91663149835978,-9.962622405224351,-28.716631498359774
2026-04-16 10:00:00+02:00,96.35,98.57391887427302,122.74049754435684,-2.223918874273025,-26.390497544356847
2026-04-16 11:00:00+02:00,75.67,80.40456376685678,93.2725499140566,-4.73456376685678,-17.602549914056596
2026-04-16 12:00:00+02:00,60.51,68.47772745705831,81.42954707453157,-7.967727457058309,-20.91954707453157
2026-04-16 13:00:00+02:00,45.77,62.80617098420827,78.13618534766988,-17.03617098420827,-32.36618534766988
2026-04-16 14:00:00+02:00,53.97,63.00795855824609,82.17211307316192,-9.037958558246089,-28.202113073161925
2026-04-16 15:00:00+02:00,70.87,70.89105204314875,90.96824880969744,-0.021052043148742428,-20.098248809697438
2026-04-16 16:00:00+02:00,89.76,86.42968112508196,113.41809713726444,3.3303188749180492,-23.658097137264434
2026-04-16 17:00:00+02:00,111.56,113.85078222930576,137.27611468220422,-2.290782229305762,-25.71611468220422
2026-04-16 18:00:00+02:00,131.15,146.74777083173018,159.51114868879222,-15.597770831730173,-28.361148688792213
2026-04-16 19:00:00+02:00,166.93,169.2154676142815,175.24035431003793,-2.2854676142814867,-8.310354310037923
2026-04-16 20:00:00+02:00,187.32,173.0570286776986,175.77456607427789,14.262971322301382,11.545433925722108
2026-04-16 21:00:00+02:00,155.01,168.24948097345066,155.40836540724368,-13.239480973450668,-0.39836540724368774
2026-04-16 22:00:00+02:00,138.76,160.5926171564466,148.92812605431192,-21.832617156446616,-10.168126054311927
2026-04-16 23:00:00+02:00,127.36,151.18182716397047,138.974578397348,-23.821827163970468,-11.614578397348012
2026-04-17 00:00:00+02:00,121.77,146.72930539307708,147.23811580203224,-24.959305393077088,-25.468115802032244
2026-04-17 01:00:00+02:00,115.52,141.88525940953656,136.95229276526888,-26.365259409536563,-21.432292765268883
2026-04-17 02:00:00+02:00,112.53,139.33464566782317,133.24403148436278,-26.804645667823166,-20.714031484362778
2026-04-17 03:00:00+02:00,108.51,137.84189922429601,132.63701517827218,-29.33189922429601,-24.127015178272174
2026-04-17 04:00:00+02:00,111.47,139.1739685693653,133.5605042093803,-27.703968569365287,-22.0905042093803
2026-04-17 05:00:00+02:00,120.19,145.77122560779628,147.75095162205426,-25.581225607796284,-27.56095162205426
2026-04-17 06:00:00+02:00,146.57,160.06168876631216,170.81884738908195,-13.491688766312166,-24.24884738908196
2026-04-17 07:00:00+02:00,148.56,161.20449458684823,178.22792095029402,-12.644494586848225,-29.667920950294018
2026-04-17 08:00:00+02:00,127.16,142.66320843366032,160.75426813185538,-15.503208433660319,-33.59426813185539
2026-04-17 09:00:00+02:00,101.9,112.71231500972564,125.37476659584537,-10.812315009725637,-23.474766595845367
2026-04-17 10:00:00+02:00,90.78,88.60796703960962,95.0876320912724,2.172032960390382,-4.307632091272396
2026-04-17 11:00:00+02:00,57.88,73.01706467994146,67.1911471281529,-15.137064679941453,-9.311147128152903
2026-04-17 12:00:00+02:00,30.87,64.19306803533344,63.93759293204196,-33.323068035333435,-33.06759293204196
2026-04-17 13:00:00+02:00,26.45,62.16049922822877,61.833185814609315,-35.71049922822877,-35.38318581460932
2026-04-17 14:00:00+02:00,31.37,66.28821858681363,64.66837126984136,-34.91821858681362,-33.298371269841354
2026-04-17 15:00:00+02:00,60.0,78.15414986917082,83.5661284279296,-18.154149869170823,-23.5661284279296
2026-04-17 16:00:00+02:00,81.82,97.84605997347583,111.93440641718288,-16.02605997347584,-30.11440641718289
2026-04-17 17:00:00+02:00,102.31,125.28836800972942,128.066642201616,-22.978368009729422,-25.75664220161599
2026-04-17 18:00:00+02:00,126.76,150.05716438704818,152.92059285940337,-23.29716438704817,-26.160592859403366
2026-04-17 19:00:00+02:00,157.41,166.47743208459448,168.12194667554513,-9.067432084594486,-10.711946675545136
2026-04-17 20:00:00+02:00,157.11,165.57182134072116,161.7930461703259,-8.461821340721144,-4.683046170325895
2026-04-17 21:00:00+02:00,138.01,155.16907845236614,153.78298332974055,-17.159078452366145,-15.772983329740555
2026-04-17 22:00:00+02:00,123.93,144.37072048300638,142.91676834566738,-20.440720483006373,-18.98676834566737
2026-04-17 23:00:00+02:00,112.71,133.68653580296564,139.44462954374043,-20.976535802965643,-26.73462954374044
2026-04-18 00:00:00+02:00,116.24,123.32186557095365,138.24316984458065,-7.081865570953653,-22.003169844580654
2026-04-18 01:00:00+02:00,110.88,117.42980150323842,127.26946597641721,-6.549801503238427,-16.389465976417213
2026-04-18 02:00:00+02:00,109.66,107.76956845720174,111.61044914404714,1.8904315427982539,-1.9504491440471412
2026-04-18 03:00:00+02:00,107.7,107.02652149753952,109.60762728863102,0.6734785024604832,-1.9076272886310193
2026-04-18 04:00:00+02:00,108.87,107.19059063607334,112.24535410977498,1.6794093639266663,-3.3753541097749746
2026-04-18 05:00:00+02:00,110.91,108.25262506883111,120.63455581980787,2.6573749311688886,-9.724555819807875
2026-04-18 06:00:00+02:00,110.83,111.34281016341134,123.1016715895181,-0.5128101634113449,-12.271671589518107
2026-04-18 07:00:00+02:00,105.74,107.38084227247661,121.65936098428548,-1.6408422724766183,-15.91936098428549
2026-04-18 08:00:00+02:00,92.29,95.21904238548949,101.05546606081978,-2.929042385489481,-8.765466060819776
2026-04-18 09:00:00+02:00,75.13,76.02937059698849,73.35189895747382,-0.89937059698849,1.778101042526174
2026-04-18 10:00:00+02:00,39.57,57.27646230476389,57.74704645946805,-17.70646230476389,-18.177046459468052
2026-04-18 11:00:00+02:00,3.94,41.99962172516889,34.77794509164318,-38.059621725168896,-30.83794509164318
2026-04-18 12:00:00+02:00,-3.38,34.25844492671158,20.396896650629703,-37.638444926711585,-23.776896650629702
2026-04-18 13:00:00+02:00,-4.08,33.83860103619012,18.970295075707046,-37.91860103619012,-23.050295075707048
2026-04-18 14:00:00+02:00,-0.1,38.722923418371785,35.44495771681426,-38.822923418371786,-35.54495771681426
2026-04-18 15:00:00+02:00,18.9,49.91342018941649,58.5871939027192,-31.013420189416493,-39.6871939027192
2026-04-18 16:00:00+02:00,44.89,67.72172101624483,69.23341699200282,-22.831721016244828,-24.343416992002815
2026-04-18 17:00:00+02:00,90.81,91.79417646825178,100.67481647299142,-0.9841764682517748,-9.864816472991421
2026-04-18 18:00:00+02:00,119.6,118.31393373962217,131.8999238220018,1.2860662603778223,-12.299923822001801
2026-04-18 19:00:00+02:00,131.54,136.15178519933656,147.915096946545,-4.611785199336566,-16.375096946545
2026-04-18 20:00:00+02:00,144.89,139.7474585810042,141.22178882199722,5.1425414189957905,3.668211178002764
2026-04-18 21:00:00+02:00,140.3,135.11206225510173,135.2266247387493,5.187937744898278,5.073375261250703
2026-04-18 22:00:00+02:00,129.99,129.1446167512314,132.97651163516252,0.8453832487685986,-2.9865116351625147
2026-04-18 23:00:00+02:00,125.0,121.96802082050971,128.84304079435205,3.0319791794902926,-3.8430407943520493
2026-04-19 00:00:00+02:00,116.56,119.37284989571933,127.34066620196182,-2.8128498957193244,-10.780666201961822
2026-04-19 01:00:00+02:00,109.95,113.40892997728172,121.11776006638935,-3.458929977281713,-11.167760066389349
2026-04-19 02:00:00+02:00,109.21,109.13894340125343,109.8368314786891,0.07105659874656567,-0.6268314786891125
2026-04-19 03:00:00+02:00,106.32,106.2175925245426,107.65606832667761,0.10240747545739737,-1.3360683266776192
2026-04-19 04:00:00+02:00,105.41,104.28073782869879,107.67253142873929,1.1292621713012068,-2.262531428739294
2026-04-19 05:00:00+02:00,106.55,102.25794774222064,108.21960891366017,4.2920522577793605,-1.66960891366017
2026-04-19 06:00:00+02:00,104.78,101.18943602577117,109.28620558319659,3.5905639742288287,-4.506205583196589
2026-04-19 07:00:00+02:00,100.03,97.94088456911916,109.02162312722938,2.089115430880838,-8.991623127229374
2026-04-19 08:00:00+02:00,96.63,93.41359064028336,105.12946807403924,3.2164093597166357,-8.499468074039243
2026-04-19 09:00:00+02:00,93.84,86.5850262784558,90.72970949720272,7.254973721544204,3.110290502797284
2026-04-19 10:00:00+02:00,71.38,75.50155277658504,73.74384986500202,-4.121552776585048,-2.363849865002024
2026-04-19 11:00:00+02:00,31.98,62.19004602956312,47.70141951037193,-30.21004602956312,-15.721419510371927
2026-04-19 12:00:00+02:00,5.73,49.1790022357779,45.73754242976408,-43.4490022357779,-40.00754242976409
2026-04-19 13:00:00+02:00,-0.85,35.90988909517605,18.052302451408995,-36.75988909517605,-18.902302451408996
2026-04-19 14:00:00+02:00,-3.01,25.89509601518237,21.56504219348178,-28.905096015182373,-24.575042193481778
2026-04-19 15:00:00+02:00,-2.26,23.21163072791587,11.47752737512125,-25.471630727915873,-13.73752737512125
2026-04-19 16:00:00+02:00,16.02,31.67126804853478,26.272405938647257,-15.651268048534781,-10.252405938647257
2026-04-19 17:00:00+02:00,73.76,51.8789970844702,55.55637062009787,21.881002915529805,18.203629379902132
2026-04-19 18:00:00+02:00,103.86,79.13541150695755,81.26179146761855,24.724588493042447,22.59820853238145
2026-04-19 19:00:00+02:00,117.35,101.77993447681422,108.77960592390845,15.570065523185775,8.570394076091546
2026-04-19 20:00:00+02:00,124.11,109.96451000600078,121.58923736198926,14.14548999399922,2.520762638010737
2026-04-19 21:00:00+02:00,121.55,109.95925645439982,117.06715828624944,11.590743545600176,4.48284171375056
2026-04-19 22:00:00+02:00,119.36,107.0346555852582,112.04830160131468,12.325344414741807,7.311698398685323
2026-04-19 23:00:00+02:00,111.23,100.72345840091413,108.63968927337565,10.506541599085878,2.5903107266243524
2026-04-20 00:00:00+02:00,106.31,83.71347874881087,95.29463444820934,22.59652125118913,11.015365551790666
2026-04-20 01:00:00+02:00,101.11,80.01536505455387,93.7679827573455,21.09463494544613,7.3420172426545065
2026-04-20 02:00:00+02:00,99.01,77.29548253395242,81.13175328803021,21.71451746604758,17.878246711969794
2026-04-20 03:00:00+02:00,99.04,76.45549333459225,80.6702854966187,22.58450666540776,18.369714503381303
2026-04-20 04:00:00+02:00,102.3,80.39377520702767,90.72375802078638,21.906224792972324,11.57624197921362
2026-04-20 05:00:00+02:00,111.6,93.08251596218366,99.27664461758508,18.51748403781633,12.323355382414917
2026-04-20 06:00:00+02:00,129.39,111.89963192206127,125.80408972081474,17.49036807793871,3.585910279185242
2026-04-20 07:00:00+02:00,142.21,116.9644932775464,144.75431999747073,25.245506722453612,-2.5443199974707227
2026-04-20 08:00:00+02:00,134.32,108.82266532235624,131.2959812000205,25.49733467764375,3.024018799979501
2026-04-20 09:00:00+02:00,110.01,90.61141077550542,104.11191819996006,19.398589224494586,5.898081800039947
2026-04-20 10:00:00+02:00,90.2,74.82587330805376,89.86020034727898,15.374126691946245,0.33979965272102675
2026-04-20 11:00:00+02:00,75.89,66.01859952892117,76.0188248433392,9.871400471078829,-0.12882484333920274
2026-04-20 12:00:00+02:00,51.18,50.66307502676908,47.810683901642285,0.5169249732309211,3.3693160983577144
2026-04-20 13:00:00+02:00,32.6,48.42762084644504,43.53824938814206,-15.827620846445036,-10.938249388142061
2026-04-20 14:00:00+02:00,29.57,47.157585706408845,46.26712075098387,-17.587585706408845,-16.69712075098387
2026-04-20 15:00:00+02:00,46.48,50.50416028850092,55.510727257285474,-4.024160288500923,-9.030727257285477
2026-04-20 16:00:00+02:00,78.33,63.8803416748631,85.54100415411959,14.449658325136902,-7.211004154119593
2026-04-20 17:00:00+02:00,97.25,86.42239272985609,106.29470081387115,10.827607270143915,-9.044700813871145
2026-04-20 18:00:00+02:00,112.91,104.69781944086235,125.00413225250188,8.21218055913765,-12.094132252501879
2026-04-20 19:00:00+02:00,123.41,123.74477481409598,150.9389111202439,-0.3347748140959794,-27.52891112024389
2026-04-20 20:00:00+02:00,127.18,126.63570063036215,149.62732519387637,0.5442993696378551,-22.447325193876367
2026-04-20 21:00:00+02:00,121.94,117.84592759153858,134.5528766780476,4.094072408461415,-12.612876678047598
2026-04-20 22:00:00+02:00,115.97,113.34485110162693,126.34065164398766,2.6251488983730695,-10.370651643987657
2026-04-20 23:00:00+02:00,106.79,96.32687659348701,111.77521498679145,10.463123406512992,-4.985214986791448
2026-04-21 00:00:00+02:00,99.0,87.57594038726053,102.79938979616279,11.42405961273947,-3.799389796162785
2026-04-21 01:00:00+02:00,98.64,85.52492500278393,98.50101546599315,13.11507499721607,0.13898453400685185
2026-04-21 02:00:00+02:00,98.37,87.72962956874152,95.5264006365667,10.64037043125849,2.8435993634332988
2026-04-21 03:00:00+02:00,99.07,89.88601544330245,96.66501540127872,9.183984556697538,2.4049845987212706
2026-04-21 04:00:00+02:00,100.19,93.74519139172938,97.18333264865713,6.44480860827062,3.0066673513428697
2026-04-21 05:00:00+02:00,108.45,102.15912224941648,104.80951508203749,6.290877750583519,3.6404849179625103
2026-04-21 06:00:00+02:00,127.09,116.50460744864567,129.25756887427312,10.585392551354332,-2.1675688742731154
2026-04-21 07:00:00+02:00,135.33,119.9504994235356,142.74691606957867,15.379500576464409,-7.416916069578662
2026-04-21 08:00:00+02:00,118.95,110.63597196795308,134.45723836562223,8.31402803204692,-15.507238365622229
2026-04-21 09:00:00+02:00,97.3,88.60497721416814,105.14717375727633,8.695022785831853,-7.847173757276337
2026-04-21 10:00:00+02:00,59.9,68.50079330230412,80.57014281524633,-8.600793302304119,-20.67014281524633
2026-04-21 11:00:00+02:00,19.6,58.58226267130651,63.96599807156844,-38.98226267130651,-44.36599807156844
2026-04-21 12:00:00+02:00,-0.1,41.826271691240656,36.01414333192131,-41.92627169124066,-36.11414333192131
2026-04-21 13:00:00+02:00,-1.75,40.20868303286875,36.6003907963341,-41.95868303286875,-38.3503907963341
2026-04-21 14:00:00+02:00,-3.7,42.19078530078779,43.906063065490585,-45.89078530078779,-47.60606306549059
2026-04-21 15:00:00+02:00,-1.86,45.74535045422781,51.07465846522764,-47.60535045422781,-52.93465846522764
2026-04-21 16:00:00+02:00,14.54,64.48189485309683,83.32684672128322,-49.941894853096834,-68.78684672128321
2026-04-21 17:00:00+02:00,69.83,93.77359855946374,108.61018331204694,-23.943598559463737,-38.780183312046944
2026-04-21 18:00:00+02:00,102.65,122.16243512892956,138.71915264671463,-19.512435128929553,-36.06915264671463
2026-04-21 19:00:00+02:00,134.11,145.17859857681066,165.15044290507328,-11.068598576810643,-31.040442905073263
2026-04-21 20:00:00+02:00,144.78,147.65982928419365,163.3280056233049,-2.8798292841936473,-18.548005623304903
2026-04-21 21:00:00+02:00,129.62,135.13989369425468,144.47086190683854,-5.519893694254677,-14.850861906838531
2026-04-21 22:00:00+02:00,119.85,129.17436833923725,136.62177551888286,-9.324368339237253,-16.771775518882862
2026-04-21 23:00:00+02:00,111.87,115.90855278916676,120.9803400802597,-4.038552789166758,-9.11034008025969
2026-04-22 00:00:00+02:00,107.1,112.84642631938091,116.11866554936097,-5.746426319380916,-9.018665549360975
2026-04-22 01:00:00+02:00,104.11,111.21259395471105,112.38953569439622,-7.102593954711054,-8.279535694396216
2026-04-22 02:00:00+02:00,104.2,111.98763360714386,116.94704850002866,-7.78763360714386,-12.747048500028654
2026-04-22 03:00:00+02:00,104.85,117.42221558662926,123.44703520095196,-12.57221558662927,-18.597035200951964
2026-04-22 04:00:00+02:00,109.69,116.97248663547558,121.44374834907094,-7.282486635475578,-11.753748349070946
2026-04-22 05:00:00+02:00,121.23,122.28553926880635,124.82456765951882,-1.055539268806342,-3.594567659518816
2026-04-22 06:00:00+02:00,139.84,133.53860598987526,142.37612981428924,6.3013940101247385,-2.5361298142892394
2026-04-22 07:00:00+02:00,134.8,121.30209741937817,134.33224396940048,13.49790258062184,0.4677560305995314
2026-04-22 08:00:00+02:00,113.87,102.66471703462439,128.56784925843638,11.205282965375616,-14.697849258436378
2026-04-22 09:00:00+02:00,79.56,74.82774593254041,90.24811557307424,4.732254067459593,-10.688115573074242
2026-04-22 10:00:00+02:00,20.15,47.882424219623836,37.404846354170765,-27.732424219623837,-17.254846354170766
2026-04-22 11:00:00+02:00,-2.42,31.8152684847559,7.910492332885714,-34.2352684847559,-10.330492332885715
2026-04-22 12:00:00+02:00,-8.83,10.673011102141228,-5.2131023870145565,-19.50301110214123,-3.6168976129854435
2026-04-22 13:00:00+02:00,-20.99,10.72573988148299,-5.338571722568296,-31.71573988148299,-15.651428277431702
2026-04-22 14:00:00+02:00,-19.0,9.575963517540469,-5.0406484505123155,-28.57596351754047,-13.959351549487685
2026-04-22 15:00:00+02:00,-4.92,18.32344138339705,0.17516813987306148,-23.243441383397048,-5.095168139873062
2026-04-22 16:00:00+02:00,-0.01,38.4782897523638,36.47700034043198,-38.4882897523638,-36.487000340431976
2026-04-22 17:00:00+02:00,57.41,74.74447124523617,88.45613532669466,-17.334471245236173,-31.046135326694667
2026-04-22 18:00:00+02:00,105.3,113.72125225502458,136.87980549543556,-8.421252255024584,-31.579805495435565
2026-04-22 19:00:00+02:00,140.12,140.9590532332195,163.86350794791258,-0.839053233219488,-23.743507947912576
2026-04-22 20:00:00+02:00,153.91,141.3681629188633,161.0680823189024,12.541837081136691,-7.158082318902416
2026-04-22 21:00:00+02:00,128.51,127.38396787234292,140.51213993615707,1.1260321276570693,-12.002139936157079
2026-04-22 22:00:00+02:00,114.45,121.66719142430395,140.56550991446298,-7.217191424303948,-26.115509914462976
2026-04-22 23:00:00+02:00,105.08,107.87285892041712,124.95582125861128,-2.7928589204171175,-19.875821258611282
2026-04-23 00:00:00+02:00,100.14,94.35084322918215,111.68235984044318,5.789156770817854,-11.542359840443183
2026-04-23 01:00:00+02:00,97.63,90.03939017247333,104.54571087664331,7.590609827526663,-6.915710876643317
2026-04-23 02:00:00+02:00,96.74,89.7762062300482,107.3655027472702,6.963793769951792,-10.625502747270204
2026-04-23 03:00:00+02:00,96.21,87.69360019777682,105.66424604139716,8.516399802223177,-9.45424604139717
2026-04-23 04:00:00+02:00,95.85,87.42280484024066,106.40739646348815,8.427195159759336,-10.55739646348816
2026-04-23 05:00:00+02:00,104.16,93.67295767114213,113.60495969765314,10.487042328857868,-9.444959697653147
2026-04-23 06:00:00+02:00,119.0,105.61548548455598,129.27204937515404,13.384514515444025,-10.27204937515404
2026-04-23 07:00:00+02:00,119.4,105.14448662598952,138.68414503106158,14.25551337401049,-19.28414503106157
2026-04-23 08:00:00+02:00,109.7,86.9681552698865,108.9815171628942,22.731844730113508,0.7184828371057961
2026-04-23 09:00:00+02:00,63.29,59.358004834731354,81.66265876178495,3.9319951652686456,-18.372658761784955
2026-04-23 10:00:00+02:00,-0.56,41.19729676671151,42.07949985151918,-41.75729676671151,-42.63949985151918
2026-04-23 11:00:00+02:00,-6.18,23.25674242938089,4.082216563798626,-29.43674242938089,-10.262216563798626
2026-04-23 12:00:00+02:00,-29.01,9.4620559063959,0.2462218819455891,-38.4720559063959,-29.256221881945592
2026-04-23 13:00:00+02:00,-49.56,3.0796711712198386,0.06431173195624484,-52.63967117121984,-49.62431173195625
2026-04-23 14:00:00+02:00,-48.86,3.6269161371116594,0.09874991452239806,-52.486916137111656,-48.9587499145224
2026-04-23 15:00:00+02:00,-22.89,11.128203382843065,4.8174094342026095,-34.01820338284307,-27.70740943420261
2026-04-23 16:00:00+02:00,-1.93,23.793433642736613,12.406151091323101,-25.723433642736612,-14.336151091323101
2026-04-23 17:00:00+02:00,21.97,43.88313721198215,42.98443020927558,-21.913137211982153,-21.01443020927558
2026-04-23 18:00:00+02:00,93.57,81.74083788035122,110.29949904802692,11.829162119648771,-16.729499048026923
2026-04-23 19:00:00+02:00,121.5,108.93657847584034,139.55631978470373,12.563421524159665,-18.05631978470373
2026-04-23 20:00:00+02:00,136.95,112.71930788462201,143.04475567631374,24.230692115377977,-6.094755676313753
2026-04-23 21:00:00+02:00,116.29,105.11630908623144,134.70159820662337,11.173690913768567,-18.411598206623367
2026-04-23 22:00:00+02:00,108.24,96.87554694606598,123.61744828513677,11.364453053934014,-15.37744828513678
2026-04-23 23:00:00+02:00,99.46,88.98812348148014,112.2154618269689,10.47187651851985,-12.755461826968912
2026-04-24 00:00:00+02:00,102.46,84.8460656898718,98.16213890489932,17.613934310128187,4.2978610951006715
2026-04-24 01:00:00+02:00,100.13,82.25908148790536,94.23870322620185,17.870918512094633,5.891296773798146
2026-04-24 02:00:00+02:00,100.71,82.00415464675696,91.45143632650999,18.705845353243035,9.258563673490002
2026-04-24 03:00:00+02:00,101.69,83.66617123974801,90.05176142928902,18.023828760251988,11.638238570710982
2026-04-24 04:00:00+02:00,105.36,88.59101717329604,102.47818704993587,16.76898282670396,2.8818129500641305
2026-04-24 05:00:00+02:00,116.31,97.96701403308322,112.67665037586508,18.342985966916785,3.6333496241349224
2026-04-24 06:00:00+02:00,131.87,113.53892508576648,131.85799199751096,18.331074914233525,0.012008002489039882
2026-04-24 07:00:00+02:00,137.99,117.38170826313993,149.26492753483095,20.60829173686008,-11.274927534830937
2026-04-24 08:00:00+02:00,117.68,102.8363809142706,130.89972147589185,14.8436190857294,-13.219721475891845
2026-04-24 09:00:00+02:00,80.91,78.27320343898613,89.53763252977583,2.636796561013867,-8.627632529775838
2026-04-24 10:00:00+02:00,19.57,53.52876591062135,47.72585151851962,-33.95876591062135,-28.15585151851962
2026-04-24 11:00:00+02:00,-0.04,40.31806537744581,32.902894274144785,-40.35806537744581,-32.942894274144784
2026-04-24 12:00:00+02:00,-6.91,25.652813668847127,5.766161312286857,-32.56281366884713,-12.676161312286858
2026-04-24 13:00:00+02:00,-26.14,14.770016320814872,1.305064055679117,-40.910016320814876,-27.44506405567912
2026-04-24 14:00:00+02:00,-30.0,11.85605983362603,-0.33044712596162434,-41.856059833626034,-29.669552874038377
2026-04-24 15:00:00+02:00,-16.56,17.62871617638768,3.9853405765282943,-34.18871617638768,-20.545340576528293
2026-04-24 16:00:00+02:00,-1.61,31.525589447053928,16.7151143631352,-33.13558944705393,-18.3251143631352
2026-04-24 17:00:00+02:00,50.91,53.681713766365675,41.88004215053224,-2.7717137663656786,9.029957849467756
2026-04-24 18:00:00+02:00,104.82,89.52752874975776,102.20738066676942,15.29247125024223,2.612619333230569
2026-04-24 19:00:00+02:00,133.81,119.03804647525308,135.88444824904724,14.77195352474692,-2.0744482490472365
2026-04-24 20:00:00+02:00,137.34,125.54883687522732,147.0371309848798,11.79116312477268,-9.697130984879806
2026-04-24 21:00:00+02:00,131.03,118.31540570668065,132.21098416197057,12.714594293319351,-1.1809841619705708
2026-04-24 22:00:00+02:00,121.88,109.30730928922324,124.50764984752924,12.572690710776754,-2.6276498475292414
2026-04-24 23:00:00+02:00,113.44,99.45841697115239,112.26450374392543,13.98158302884761,1.1754962560745668
2026-04-25 00:00:00+02:00,100.62,91.65223802619336,102.63439911206935,8.967761973806645,-2.0143991120693414
2026-04-25 01:00:00+02:00,95.54,86.0344950612319,97.81694090340494,9.505504938768112,-2.2769409034049346
2026-04-25 02:00:00+02:00,95.12,80.586710467652,86.3241320221822,14.533289532348007,8.795867977817807
2026-04-25 03:00:00+02:00,95.16,77.1242164025722,85.98274778072239,18.035783597427795,9.177252219277605
2026-04-25 04:00:00+02:00,88.46,74.04115940864477,85.18716054153454,14.41884059135522,3.272839458465455
2026-04-25 05:00:00+02:00,88.03,72.24864474958615,87.97087640722691,15.781355250413853,0.05912359277309065
2026-04-25 06:00:00+02:00,83.18,69.61669627792358,87.61376142622748,13.563303722076427,-4.433761426227477
2026-04-25 07:00:00+02:00,71.36,61.47052525606517,78.7311691674381,9.889474743934827,-7.371169167438097
2026-04-25 08:00:00+02:00,20.03,45.41216721331943,30.24268333092055,-25.382167213319427,-10.212683330920548
2026-04-25 09:00:00+02:00,-0.04,29.247208982954685,11.197289087156577,-29.287208982954684,-11.237289087156576
2026-04-25 10:00:00+02:00,-7.27,11.31103439527919,1.2364919137032275,-18.58103439527919,-8.506491913703227
2026-04-25 11:00:00+02:00,-42.14,-2.38296942440535,-3.619565332893256,-39.75703057559465,-38.52043466710674
2026-04-25 12:00:00+02:00,-100.51,-11.150667263091197,-5.854968731513492,-89.35933273690881,-94.65503126848651
2026-04-25 13:00:00+02:00,-176.44,-17.684601924250575,-6.958609327774938,-158.7553980757494,-169.48139067222505
2026-04-25 14:00:00+02:00,-190.86,-16.969434856874745,-6.513939071821403,-173.89056514312526,-184.34606092817862
2026-04-25 15:00:00+02:00,-133.8,-9.12099774804118,-4.184423181999262,-124.67900225195883,-129.61557681800076
2026-04-25 16:00:00+02:00,-53.97,4.858734173117493,-1.5753774421471596,-58.82873417311749,-52.39462255785284
2026-04-25 17:00:00+02:00,-5.25,18.845342086112222,3.2381101136275223,-24.095342086112222,-8.488110113627522
2026-04-25 18:00:00+02:00,4.62,35.0942274440607,15.74385662593395,-30.4742274440607,-11.12385662593395
2026-04-25 19:00:00+02:00,65.2,57.81570151624369,66.08520607253213,7.384298483756311,-0.885206072532128
2026-04-25 20:00:00+02:00,75.42,63.6269763486762,92.66374877473379,11.7930236513238,-17.24374877473379
2026-04-25 21:00:00+02:00,72.01,59.12758441501015,75.28079302150087,12.882415584989857,-3.2707930215008645
2026-04-25 22:00:00+02:00,72.68,56.861195216261656,75.64181710547048,15.81880478373835,-2.961817105470473
2026-04-25 23:00:00+02:00,69.98,53.63798142797387,52.47237588337822,16.342018572026134,17.507624116621784
2026-04-26 00:00:00+02:00,79.44,58.776749750728534,72.09287939328732,20.663250249271464,7.347120606712679
2026-04-26 01:00:00+02:00,83.6,61.79421291864468,87.50443847351771,21.805787081355312,-3.9044384735177147
2026-04-26 02:00:00+02:00,87.1,66.60379728816197,81.64561416189876,20.496202711838023,5.454385838101231
2026-04-26 03:00:00+02:00,90.49,71.77260329544421,84.81749955504598,18.71739670455578,5.672500444954011
2026-04-26 04:00:00+02:00,94.15,78.16262017757415,85.38947227788888,15.98737982242585,8.76052772211112
2026-04-26 05:00:00+02:00,98.64,83.71838653637634,101.37241627481538,14.921613463623657,-2.732416274815378
2026-04-26 06:00:00+02:00,94.19,86.85890114075127,101.68886737378942,7.331098859248726,-7.498867373789423
2026-04-26 07:00:00+02:00,83.15,81.765184506869,87.00663251296926,1.3848154931310006,-3.856632512969256
2026-04-26 08:00:00+02:00,54.31,66.09684189732143,66.30581892277704,-11.786841897321423,-11.995818922777033
2026-04-26 09:00:00+02:00,-0.01,45.21915254674049,38.28924210144025,-45.22915254674049,-38.29924210144025
2026-04-26 10:00:00+02:00,-28.19,26.852906611999682,8.347736387439037,-55.04290661199968,-36.53773638743904
2026-04-26 11:00:00+02:00,-127.37,14.645663319667772,-5.415639263841086,-142.01566331966777,-121.95436073615892
2026-04-26 12:00:00+02:00,-259.96,6.919063314675749,-6.7346444040565085,-266.8790633146757,-253.22535559594348
2026-04-26 13:00:00+02:00,-413.77,3.2296045146993135,-7.4994868529779914,-416.9996045146993,-406.270513147022
2026-04-26 14:00:00+02:00,-413.25,7.694860020718006,-7.802493487463491,-420.944860020718,-405.4475065125365
2026-04-26 15:00:00+02:00,-235.89,19.861845923595833,-0.3724653593152484,-255.75184592359582,-235.51753464068474
2026-04-26 16:00:00+02:00,-37.31,41.11879590220364,26.0178546569283,-78.42879590220363,-63.3278546569283
2026-04-26 17:00:00+02:00,11.18,74.30219235117002,60.58661269963264,-63.12219235117002,-49.40661269963264
2026-04-26 18:00:00+02:00,113.1,112.27023545131948,125.0557793158175,0.8297645486805152,-11.955779315817509
2026-04-26 19:00:00+02:00,150.29,139.11505735259368,147.03033234048,11.174942647406311,3.259667659520005
2026-04-26 20:00:00+02:00,157.82,146.62487593467839,155.72912198048445,11.195124065321608,2.090878019515543
2026-04-26 21:00:00+02:00,140.65,143.0054628718309,152.48944816381945,-2.3554628718308948,-11.83944816381944
2026-04-26 22:00:00+02:00,126.41,137.90789482609728,146.7824784573738,-11.49789482609728,-20.372478457373802
2026-04-26 23:00:00+02:00,122.88,131.00470772501717,141.96245710789603,-8.124707725017174,-19.082457107896033
2026-04-27 00:00:00+02:00,118.45,120.4740975352901,139.6293610124605,-2.024097535290096,-21.17936101246049
2026-04-27 01:00:00+02:00,113.03,117.16518916241787,128.63911779593354,-4.135189162417873,-15.609117795933543
2026-04-27 02:00:00+02:00,112.71,116.08866798825586,125.09119163574807,-3.37866798825587,-12.381191635748081
